use_case,drone_type,battery_capacity_mAh,payload_weight_kg,weather_condition,estimated_flight_time_minutes,battery_category
Disaster,Micro,27943,1.96,Stormy,15.22,Medium
Agriculture,Micro,18102,2.06,Rainy,12.36,Low
Medical,Medium,42803,15.7,Stormy,10.65,High
Survey,Medium,37709,4.95,Windy,14.87,Medium
Disaster,Nano,47567,9.54,Rainy,31.85,High
Defense,Micro,37747,5.11,Rainy,26.13,Medium
Medical,Medium,43645,4.2,Stormy,16.67,High
Medical,Medium,58123,7.71,Windy,27.62,High
Survey,Nano,15839,1.09,Windy,10.39,Low
Agriculture,Medium,15928,13.82,Rainy,10.0,Low
Defense,Large,45724,5.47,Stormy,10.0,High
Agriculture,Medium,34561,14.47,Normal,10.48,Medium
Disaster,Micro,48207,4.26,Rainy,35.04,High
Disaster,Small,34541,10.43,Normal,21.2,Medium
Disaster,Micro,53209,8.91,Stormy,27.05,High
Agriculture,Small,43060,8.4,Rainy,25.07,High
Agriculture,Nano,43095,9.92,Summer,31.53,High
Defense,Nano,34394,18.8,Stormy,11.54,Medium
Agriculture,Large,27002,12.92,Rainy,10.0,Medium
Agriculture,Medium,17571,13.87,Windy,10.0,Low
Medical,Nano,59689,13.48,Rainy,39.02,High
Defense,Small,29579,10.81,Rainy,12.74,Medium
Medical,Small,23921,7.48,Stormy,10.0,Medium
Agriculture,Nano,26610,10.82,Summer,16.05,Medium
Defense,Small,38441,19.04,Stormy,10.93,Medium
Disaster,Medium,44978,2.9,Normal,30.16,High
Survey,Medium,23170,16.56,Summer,10.0,Medium
Medical,Medium,22213,20.0,Rainy,10.0,Medium
Medical,Small,50426,10.02,Rainy,29.93,High
Disaster,Small,30229,14.07,Stormy,10.0,Medium
Medical,Micro,44476,15.99,Rainy,24.55,High
Defense,Medium,39793,4.77,Rainy,18.78,Medium
Disaster,Large,25352,2.94,Rainy,10.0,Medium
Survey,Nano,55461,19.32,Rainy,31.9,High
Agriculture,Small,25494,17.72,Stormy,10.0,Medium
Defense,Micro,46050,5.48,Normal,40.67,High
Defense,Small,42685,2.79,Windy,24.82,High
Defense,Large,19391,2.19,Normal,10.0,Low
Survey,Nano,35061,12.9,Stormy,14.77,Medium
Agriculture,Small,46536,9.77,Normal,33.72,High
Agriculture,Small,33840,7.24,Windy,16.13,Medium
Survey,Small,52124,8.98,Rainy,31.95,High
Medical,Large,59571,13.1,Summer,21.68,High
Survey,Large,43395,13.41,Summer,10.0,High
Medical,Micro,44750,16.79,Windy,21.22,High
Disaster,Large,35383,8.41,Windy,10.0,Medium
Disaster,Large,32316,19.1,Windy,10.0,Medium
Medical,Small,36572,18.82,Windy,11.56,Medium
Medical,Medium,46375,7.88,Summer,24.81,High
Disaster,Nano,51869,11.29,Normal,42.71,High
Survey,Nano,20108,14.29,Stormy,10.0,Medium
Agriculture,Medium,33303,11.8,Rainy,10.0,Medium
Defense,Nano,29288,17.85,Summer,13.39,Medium
Agriculture,Micro,40291,5.55,Summer,31.37,High
Survey,Micro,28319,17.41,Summer,12.05,Medium
Defense,Large,48351,7.78,Normal,17.13,High
Survey,Large,52141,14.34,Summer,14.1,High
Agriculture,Micro,39370,17.98,Normal,23.99,Medium
Disaster,Small,24225,17.51,Summer,10.0,Medium
Survey,Micro,38020,18.84,Normal,21.95,Medium
Medical,Nano,15098,10.49,Windy,10.0,Low
Disaster,Micro,19882,15.48,Normal,10.0,Low
Defense,Micro,43231,8.38,Rainy,28.42,High
Medical,Nano,31478,12.93,Summer,18.91,Medium
Defense,Micro,51219,13.22,Windy,27.75,High
Defense,Large,28091,19.22,Rainy,10.0,Medium
Disaster,Medium,40338,18.39,Normal,13.13,High
Survey,Nano,29387,3.46,Rainy,21.2,Medium
Disaster,Micro,17468,8.15,Rainy,10.0,Low
Defense,Small,23829,6.15,Normal,13.91,Medium
Medical,Nano,27697,12.23,Windy,12.45,Medium
Disaster,Small,53422,16.72,Summer,31.54,High
Medical,Micro,36403,11.74,Normal,26.01,Medium
Survey,Large,15496,16.52,Summer,10.0,Low
Agriculture,Small,49553,5.33,Normal,40.29,High
Disaster,Nano,50898,6.78,Rainy,36.28,High
Agriculture,Large,57044,9.34,Summer,22.11,High
Survey,Micro,37367,5.73,Summer,28.6,Medium
Agriculture,Nano,29749,17.72,Windy,10.81,Medium
Agriculture,Medium,35749,19.04,Normal,10.0,Medium
Agriculture,Medium,26114,3.04,Windy,10.0,Medium
Agriculture,Micro,19154,3.03,Rainy,12.58,Low
Agriculture,Nano,18305,14.56,Windy,10.0,Low
Agriculture,Medium,51938,19.34,Stormy,14.38,High
Medical,Small,19187,17.02,Windy,10.0,Low
Defense,Large,24121,7.76,Rainy,10.0,Medium
Survey,Micro,52940,17.33,Summer,34.27,High
Defense,Small,44872,11.98,Normal,30.29,High
Medical,Large,45700,12.51,Rainy,10.0,High
Medical,Small,17960,8.74,Stormy,10.0,Low
Disaster,Small,47250,12.28,Summer,29.18,High
Disaster,Nano,48577,8.96,Stormy,24.77,High
Defense,Small,28995,6.53,Summer,16.89,Medium
Defense,Small,34227,3.89,Normal,26.11,Medium
Medical,Medium,27372,4.28,Stormy,10.0,Medium
Disaster,Medium,18114,6.87,Summer,10.0,Low
Disaster,Nano,17635,19.91,Normal,10.0,Low
Defense,Medium,22075,3.03,Rainy,10.0,Medium
Agriculture,Micro,30266,2.47,Windy,19.1,Medium
Survey,Small,30257,14.69,Stormy,10.0,Medium
Defense,Nano,32143,8.25,Summer,22.88,Medium
Disaster,Small,41893,17.79,Windy,15.86,High
Defense,Nano,45505,6.3,Rainy,32.27,High
Disaster,Large,43762,16.63,Windy,10.0,High
Survey,Nano,43186,6.99,Normal,37.47,High
Disaster,Nano,50705,2.21,Summer,43.93,High
Survey,Large,36975,15.57,Windy,10.0,Medium
Defense,Small,49630,11.88,Summer,31.61,High
Agriculture,Small,45659,17.9,Windy,18.44,High
Agriculture,Medium,47595,15.04,Stormy,13.84,High
Disaster,Medium,57898,12.49,Stormy,21.24,High
Survey,Nano,21818,14.71,Stormy,10.0,Medium
Disaster,Micro,22634,16.28,Rainy,10.0,Medium
Agriculture,Nano,56366,6.1,Summer,46.22,High
Disaster,Small,55416,17.47,Stormy,21.86,High
Defense,Micro,30057,17.52,Normal,15.04,Medium
Survey,Large,43542,16.65,Rainy,10.0,High
Defense,Medium,23698,9.03,Summer,10.0,Medium
Medical,Small,34068,7.1,Stormy,14.03,Medium
Agriculture,Large,58506,8.44,Stormy,16.05,High
Medical,Micro,51647,16.71,Normal,37.28,High
Disaster,Small,16719,14.62,Summer,10.0,Low
Survey,Large,24239,1.0,Windy,10.0,Medium
Defense,Micro,56251,13.1,Normal,44.77,High
Medical,Micro,44633,7.26,Summer,34.04,High
Agriculture,Large,23755,7.45,Stormy,10.0,Medium
Disaster,Small,57520,1.92,Summer,45.89,High
Agriculture,Nano,27781,4.8,Stormy,14.29,Medium
Survey,Nano,17096,5.77,Normal,12.36,Low
Disaster,Micro,58496,8.08,Normal,51.03,High
Defense,Medium,23074,18.18,Rainy,10.0,Medium
Survey,Small,56163,1.45,Windy,35.0,High
Medical,Large,30202,4.08,Windy,10.0,Medium
Agriculture,Large,44841,10.68,Stormy,10.0,High
Agriculture,Medium,50143,10.45,Summer,26.35,High
Survey,Micro,53310,13.33,Rainy,33.32,High
Defense,Large,59365,2.93,Stormy,19.21,High
Agriculture,Nano,58724,18.03,Stormy,26.5,High
Medical,Micro,54870,5.66,Windy,34.54,High
Disaster,Small,52552,4.07,Windy,31.01,High
Defense,Nano,25928,2.3,Normal,23.96,Medium
Defense,Nano,35551,7.78,Windy,20.44,Medium
Disaster,Medium,52943,10.88,Summer,28.57,High
Agriculture,Medium,43897,7.37,Windy,17.85,High
Survey,Medium,31452,13.29,Normal,10.0,Medium
Agriculture,Nano,43844,13.3,Windy,23.16,High
Disaster,Micro,58043,13.97,Summer,41.28,High
Medical,Nano,51007,12.12,Rainy,32.95,High
Disaster,Micro,34467,17.21,Normal,19.7,Medium
Survey,Medium,45544,10.56,Windy,17.22,High
Survey,Large,25950,3.27,Stormy,10.0,Medium
Medical,Small,25460,2.93,Stormy,10.87,Medium
Medical,Small,31074,9.41,Normal,18.55,Medium
Medical,Nano,56691,7.73,Summer,45.34,High
Defense,Medium,46051,2.65,Summer,28.29,High
Defense,Micro,27173,16.41,Summer,11.74,Medium
Medical,Medium,17484,9.38,Normal,10.0,Low
Agriculture,Micro,20109,7.38,Windy,10.0,Medium
Disaster,Nano,32284,15.38,Windy,13.9,Medium
Defense,Micro,23537,10.2,Summer,12.94,Medium
Medical,Small,54665,12.63,Summer,35.6,High
Agriculture,Large,45360,19.63,Summer,10.0,High
Disaster,Small,30412,12.77,Windy,10.64,Medium
Defense,Small,42209,15.29,Normal,24.98,High
Defense,Micro,49621,17.64,Summer,31.06,High
Agriculture,Small,36707,17.25,Normal,17.91,Medium
Disaster,Micro,57362,15.47,Stormy,26.39,High
Disaster,Nano,18732,6.29,Normal,13.57,Low
Survey,Small,23140,4.94,Normal,14.19,Medium
Defense,Medium,17454,6.54,Windy,10.0,Low
Disaster,Micro,59059,16.7,Rainy,35.76,High
Defense,Medium,25761,15.58,Stormy,10.0,Medium
Disaster,Micro,58803,11.65,Rainy,38.79,High
Agriculture,Micro,19923,4.69,Summer,13.65,Low
Agriculture,Micro,38386,11.9,Rainy,22.29,Medium
Medical,Micro,51115,3.58,Normal,47.25,High
Disaster,Large,21192,2.13,Rainy,10.0,Medium
Medical,Micro,19771,6.14,Windy,10.0,Low
Survey,Nano,38159,1.4,Normal,36.91,Medium
Defense,Large,44664,3.39,Rainy,13.56,High
Survey,Micro,25245,7.3,Windy,12.88,Medium
Defense,Micro,49589,3.35,Normal,45.91,High
Survey,Medium,53786,8.73,Stormy,20.58,High
Medical,Large,15844,8.3,Windy,10.0,Low
Agriculture,Nano,30109,2.98,Normal,27.6,Medium
Disaster,Medium,28098,13.84,Windy,10.0,Medium
Medical,Medium,47623,12.54,Stormy,15.05,High
Disaster,Small,41672,1.9,Summer,31.64,High
Agriculture,Nano,38936,7.64,Stormy,19.62,Medium
Agriculture,Large,27704,11.22,Normal,10.0,Medium
Disaster,Micro,40298,13.22,Windy,20.11,High
Medical,Nano,49035,4.76,Rainy,36.08,High
Survey,Small,23891,14.45,Windy,10.0,Medium
Survey,Large,23034,8.45,Rainy,10.0,Medium
Survey,Large,21036,19.06,Summer,10.0,Medium
Disaster,Micro,24059,4.25,Stormy,11.8,Medium
Medical,Nano,24809,8.64,Normal,17.77,Medium
Survey,Small,25021,17.2,Stormy,10.0,Medium
Disaster,Large,15529,18.27,Summer,10.0,Low
Survey,Medium,21246,11.03,Stormy,10.0,Medium
Agriculture,Small,44971,16.47,Summer,24.12,High
Survey,Nano,43151,11.75,Rainy,26.9,High
Agriculture,Micro,46499,6.02,Stormy,24.41,High
Agriculture,Large,47641,19.16,Summer,10.0,High
Defense,Nano,17224,10.41,Rainy,10.0,Low
Survey,Medium,46762,12.04,Normal,24.63,High
Agriculture,Small,37263,9.36,Stormy,14.86,Medium
Medical,Large,40684,14.82,Stormy,10.0,High
Defense,Large,35051,18.72,Summer,10.0,Medium
Medical,Large,30483,10.73,Stormy,10.0,Medium
Agriculture,Micro,29555,8.62,Rainy,17.33,Medium
Survey,Small,42523,16.18,Stormy,14.75,High
Defense,Micro,32765,16.78,Normal,18.34,Medium
Medical,Large,15673,11.2,Summer,10.0,Low
Agriculture,Medium,32350,13.16,Summer,10.0,Medium
Defense,Micro,17278,12.62,Stormy,10.0,Low
Disaster,Large,28208,17.25,Summer,10.0,Medium
Disaster,Micro,55090,6.98,Windy,33.95,High
Agriculture,Large,34844,4.14,Normal,10.0,Medium
Disaster,Small,58340,7.53,Stormy,28.39,High
Defense,Micro,35580,15.35,Windy,15.61,Medium
Survey,Large,23720,2.18,Rainy,10.0,Medium
Defense,Medium,21323,16.63,Stormy,10.0,Medium
Agriculture,Nano,34138,17.98,Summer,17.67,Medium
Disaster,Nano,32675,5.87,Windy,19.5,Medium
Defense,Large,59173,16.81,Stormy,12.44,High
Disaster,Large,20599,16.66,Windy,10.0,Medium
Defense,Medium,40896,14.95,Rainy,13.15,High
Survey,Micro,52352,16.77,Windy,26.56,High
Medical,Nano,22934,10.73,Rainy,11.38,Medium
Medical,Nano,17377,17.13,Summer,10.0,Low
Disaster,Micro,25460,10.13,Stormy,10.0,Medium
Agriculture,Large,56328,10.73,Summer,20.47,High
Defense,Nano,51510,19.1,Rainy,28.88,High
Agriculture,Nano,44519,18.97,Windy,20.45,High
Agriculture,Micro,49463,3.53,Stormy,27.38,High
Medical,Small,32375,11.85,Windy,12.53,Medium
Medical,Large,58880,1.18,Summer,29.64,High
Survey,Large,28659,2.18,Rainy,10.0,Medium
Survey,Micro,48918,7.02,Normal,42.3,High
Medical,Medium,35634,9.79,Normal,15.3,Medium
Medical,Small,52710,9.12,Summer,36.37,High
Agriculture,Small,19278,15.44,Summer,10.0,Low
Disaster,Large,38557,9.13,Stormy,10.0,Medium
Agriculture,Micro,19938,5.94,Stormy,10.0,Low
Survey,Large,21126,17.46,Rainy,10.0,Medium
Medical,Small,59256,7.74,Summer,43.26,High
Survey,Micro,59955,2.35,Rainy,45.66,High
Defense,Small,53849,19.23,Stormy,20.08,High
Agriculture,Small,32031,17.75,Windy,10.0,Medium
Disaster,Small,24294,6.55,Stormy,10.0,Medium
Defense,Medium,31086,19.95,Stormy,10.0,Medium
Disaster,Micro,42326,9.37,Stormy,20.3,High
Survey,Micro,37455,12.06,Windy,18.76,Medium
Defense,Small,19417,2.45,Summer,11.21,Low
Defense,Medium,58148,4.21,Summer,38.05,High
Agriculture,Medium,16842,18.68,Stormy,10.0,Low
Agriculture,Small,27289,17.62,Normal,10.0,Medium
Defense,Nano,30232,3.0,Normal,27.71,Medium
Survey,Micro,49390,6.11,Summer,39.15,High
Agriculture,Small,36431,7.31,Windy,17.91,Medium
Disaster,Small,56001,10.68,Summer,38.21,High
Disaster,Micro,32688,16.13,Stormy,11.27,Medium
Disaster,Small,24988,17.5,Windy,10.0,Medium
Defense,Micro,57565,18.81,Windy,29.06,High
Agriculture,Nano,24735,16.69,Normal,11.26,Medium
Medical,Medium,23085,8.43,Normal,10.0,Medium
Survey,Micro,32354,5.42,Normal,27.02,Medium
Defense,Large,57573,12.89,Rainy,17.81,High
Medical,Nano,41961,3.67,Rainy,31.12,High
Survey,Medium,26516,19.05,Rainy,10.0,Medium
Disaster,Medium,39152,8.09,Stormy,12.11,Medium
Defense,Micro,33053,16.58,Normal,18.79,Medium
Defense,Micro,49815,12.23,Normal,39.03,High
Survey,Nano,52925,1.13,Windy,36.33,High
Survey,Large,58773,19.35,Stormy,10.98,High
Disaster,Large,32185,13.9,Windy,10.0,Medium
Disaster,Nano,27052,18.52,Windy,10.0,Medium
Agriculture,Medium,50122,7.3,Rainy,25.43,High
Survey,Small,50378,19.37,Normal,29.88,High
Medical,Small,39069,17.51,Stormy,12.04,Medium
Medical,Micro,41718,12.54,Rainy,24.55,High
Survey,Nano,25473,5.29,Stormy,12.67,Medium
Disaster,Small,20418,18.14,Windy,10.0,Medium
Defense,Medium,55951,18.91,Windy,19.83,High
Disaster,Large,53833,15.42,Normal,16.5,High
Medical,Micro,40160,8.46,Summer,29.15,High
Survey,Micro,51091,1.61,Windy,34.16,High
Disaster,Micro,25204,12.87,Summer,12.52,Medium
Disaster,Medium,54276,16.07,Windy,20.24,High
Agriculture,Large,21640,5.67,Normal,10.0,Medium
Agriculture,Medium,58801,5.02,Normal,42.29,High
Defense,Medium,23741,17.19,Normal,10.0,Medium
Agriculture,Medium,27847,9.45,Summer,10.0,Medium
Survey,Small,53369,1.01,Windy,33.29,High
Disaster,Nano,37839,12.97,Rainy,21.87,Medium
Agriculture,Micro,40376,6.9,Windy,23.7,High
Survey,Medium,16433,11.06,Windy,10.0,Low
Survey,Large,23063,11.63,Normal,10.0,Medium
Survey,Nano,30872,14.58,Rainy,15.27,Medium
Survey,Micro,34790,7.48,Windy,19.46,Medium
Agriculture,Medium,38072,7.65,Normal,19.45,Medium
Survey,Micro,33460,4.64,Rainy,23.0,Medium
Agriculture,Micro,21884,5.67,Stormy,10.0,Medium
Disaster,Nano,46471,1.21,Normal,45.38,High
Defense,Micro,55224,12.26,Windy,31.09,High
Disaster,Small,20720,13.64,Windy,10.0,Medium
Agriculture,Small,58651,17.0,Stormy,24.03,High
Medical,Medium,49685,12.14,Windy,19.23,High
Survey,Nano,17742,14.47,Stormy,10.0,Low
Survey,Medium,38931,7.27,Normal,20.61,Medium
Disaster,Nano,41175,10.08,Windy,23.09,High
Medical,Medium,36592,8.75,Stormy,10.26,Medium
Disaster,Medium,50570,11.96,Summer,25.65,High
Agriculture,Micro,53171,4.77,Stormy,29.01,High
Survey,Nano,24038,19.76,Rainy,10.0,Medium
Defense,Small,24206,5.06,Summer,13.64,Medium
Agriculture,Small,28640,16.83,Stormy,10.0,Medium
Disaster,Micro,27594,14.1,Stormy,10.0,Medium
Disaster,Medium,45848,11.37,Windy,16.98,High
Disaster,Large,25818,16.24,Stormy,10.0,Medium
Agriculture,Medium,38960,1.19,Summer,22.96,Medium
Medical,Nano,51416,3.68,Windy,33.84,High
Defense,Large,20718,19.25,Normal,10.0,Medium
Medical,Nano,38114,7.18,Windy,22.57,Medium
Agriculture,Small,38652,1.31,Summer,29.34,Medium
Defense,Nano,36317,19.2,Stormy,12.5,Medium
Defense,Nano,44962,8.01,Windy,26.9,High
Defense,Micro,43928,8.91,Summer,32.22,High
Disaster,Medium,56498,5.42,Rainy,31.73,High
Defense,Large,33243,18.3,Stormy,10.0,Medium
Survey,Medium,38866,13.42,Summer,14.07,Medium
Medical,Large,48144,7.09,Windy,12.23,High
Survey,Small,29656,12.45,Windy,10.29,Medium
Survey,Nano,47757,3.92,Normal,44.5,High
Medical,Medium,44932,10.22,Summer,21.83,High
Defense,Nano,22749,16.64,Summer,10.0,Medium
Survey,Large,55540,4.95,Rainy,21.26,High
Disaster,Small,59823,1.27,Summer,48.43,High
Medical,Micro,44060,19.22,Summer,24.92,High
Disaster,Small,39831,8.19,Stormy,16.97,Medium
Defense,Micro,56977,8.93,Summer,43.95,High
Defense,Large,21509,14.39,Summer,10.0,Medium
Defense,Large,29789,17.15,Summer,10.0,Medium
Agriculture,Small,26782,14.5,Rainy,10.0,Medium
Disaster,Micro,38800,18.82,Rainy,18.2,Medium
Medical,Medium,43793,7.61,Windy,17.64,High
Survey,Micro,35221,8.9,Rainy,21.68,Medium
Agriculture,Small,18388,7.6,Summer,10.0,Low
Defense,Medium,17539,10.08,Stormy,10.0,Low
Agriculture,Small,39008,3.47,Rainy,24.99,Medium
Medical,Nano,16005,1.39,Normal,14.77,Low
Medical,Nano,36722,16.55,Windy,16.35,Medium
Disaster,Small,38666,1.35,Windy,22.81,Medium
Defense,Medium,20530,10.87,Stormy,10.0,Medium
Agriculture,Medium,51161,19.96,Rainy,18.15,High
Agriculture,Nano,37161,15.63,Stormy,14.72,Medium
Disaster,Large,48333,5.98,Summer,16.69,High
Agriculture,Small,16495,17.45,Stormy,10.0,Low
Medical,Micro,48512,1.16,Summer,41.93,High
Defense,Micro,16742,10.04,Summer,10.0,Low
Disaster,Medium,59090,19.74,Windy,21.56,High
Disaster,Small,21784,9.39,Summer,10.0,Medium
Agriculture,Nano,16669,12.79,Summer,10.0,Low
Agriculture,Medium,33136,8.15,Windy,10.0,Medium
Defense,Medium,33435,7.63,Normal,14.83,Medium
Agriculture,Micro,35491,12.51,Normal,24.48,Medium
Defense,Medium,45906,19.39,Summer,16.1,High
Defense,Micro,56274,3.73,Rainy,41.83,High
Defense,Micro,27699,13.28,Windy,11.25,Medium
Defense,Nano,23367,1.29,Rainy,17.77,Medium
Medical,Small,28762,7.56,Stormy,10.63,Medium
Survey,Medium,52530,7.76,Stormy,20.29,High
Medical,Nano,39563,19.53,Windy,16.67,Medium
Agriculture,Medium,16845,9.1,Windy,10.0,Low
Agriculture,Micro,56375,12.93,Rainy,36.02,High
Medical,Small,30519,6.72,Windy,14.1,Medium
Disaster,Medium,49075,6.85,Windy,21.77,High
Survey,Micro,41919,7.93,Summer,31.12,High
Disaster,Small,34349,16.57,Normal,16.09,Medium
Survey,Large,48945,4.26,Windy,14.38,High
Agriculture,Small,30145,7.23,Summer,17.42,Medium
Agriculture,Medium,53180,15.82,Windy,19.62,High
Medical,Small,26048,15.61,Rainy,10.0,Medium
Agriculture,Micro,17959,14.38,Summer,10.0,Low
Survey,Large,41612,2.72,Rainy,11.55,High
Agriculture,Large,53612,4.42,Rainy,20.06,High
Defense,Nano,17304,4.11,Summer,12.5,Low
Disaster,Medium,18393,4.68,Windy,10.0,Low
Survey,Large,46612,14.42,Windy,10.0,High
Disaster,Small,54684,13.49,Rainy,31.11,High
Disaster,Micro,21624,4.63,Rainy,13.54,Medium
Survey,Nano,49496,10.29,Summer,37.03,High
Survey,Large,19049,11.18,Normal,10.0,Low
Medical,Large,50977,17.67,Summer,10.66,High
Survey,Nano,46727,15.13,Rainy,27.6,High
Agriculture,Small,39599,19.18,Normal,19.25,Medium
Disaster,Nano,38081,14.04,Normal,26.72,Medium
Agriculture,Micro,58692,10.91,Summer,44.07,High
Agriculture,Small,52877,13.13,Rainy,29.9,High
Defense,Medium,51648,5.01,Stormy,21.08,High
Defense,Nano,37075,13.6,Rainy,20.86,Medium
Medical,Micro,16455,7.28,Rainy,10.0,Low
Agriculture,Large,41480,16.39,Normal,10.0,High
Disaster,Large,53287,11.29,Summer,17.33,High
Disaster,Nano,25229,15.13,Windy,10.0,Medium
Agriculture,Large,46573,19.31,Rainy,10.0,High
Defense,Large,52645,5.11,Windy,16.49,High
Medical,Nano,46909,10.43,Stormy,23.06,High
Disaster,Large,48963,11.51,Summer,13.28,High
Survey,Medium,26614,9.89,Summer,10.0,Medium
Defense,Medium,57794,4.92,Stormy,24.81,High
Defense,Nano,45367,6.99,Stormy,23.79,High
Survey,Small,33034,8.42,Normal,21.3,Medium
Survey,Medium,46839,4.68,Normal,30.59,High
Medical,Medium,30281,19.72,Summer,10.0,Medium
Survey,Micro,45803,17.83,Summer,27.49,High
Survey,Nano,46738,7.23,Normal,40.83,High
Medical,Small,34075,4.55,Normal,25.44,Medium
Defense,Nano,18668,19.96,Rainy,10.0,Low
Medical,Nano,55834,3.63,Rainy,42.24,High
Medical,Small,32309,6.82,Stormy,13.11,Medium
Defense,Large,30722,6.79,Rainy,10.0,Medium
Agriculture,Nano,19600,6.53,Stormy,10.0,Low
Medical,Medium,33641,13.78,Normal,10.12,Medium
Disaster,Large,30790,3.36,Stormy,10.0,Medium
Defense,Large,55011,7.73,Stormy,14.3,High
Medical,Micro,56386,2.45,Normal,53.43,High
Survey,Nano,18840,10.2,Stormy,10.0,Low
Defense,Large,33293,10.78,Summer,10.0,Medium
Defense,Nano,54570,15.98,Rainy,33.33,High
Medical,Nano,46126,14.95,Summer,30.64,High
Survey,Micro,46274,2.46,Stormy,25.98,High
Disaster,Large,16464,5.31,Normal,10.0,Low
Agriculture,Micro,15381,7.91,Summer,10.0,Low
Medical,Micro,43788,2.64,Stormy,24.41,High
Disaster,Nano,53166,4.05,Normal,49.8,High
Medical,Nano,54225,6.58,Normal,48.84,High
Survey,Large,59655,18.75,Summer,17.69,High
Disaster,Micro,49272,13.36,Normal,37.58,High
Medical,Small,35761,7.28,Windy,17.46,Medium
Survey,Large,17610,13.78,Stormy,10.0,Low
Survey,Medium,58892,2.19,Stormy,26.78,High
Agriculture,Medium,35798,11.76,Summer,12.5,Medium
Disaster,Nano,16127,7.73,Rainy,10.0,Low
Disaster,Medium,41535,12.5,Summer,17.13,High
Disaster,Large,26136,2.93,Windy,10.0,Medium
Disaster,Medium,49815,9.49,Windy,20.81,High
Survey,Large,30449,16.29,Stormy,10.0,Medium
Survey,Nano,43572,12.92,Summer,29.8,High
Agriculture,Micro,40315,1.77,Normal,37.9,High
Agriculture,Large,37368,18.08,Normal,10.0,Medium
Medical,Micro,50456,14.58,Windy,26.45,High
Medical,Micro,26234,17.25,Stormy,10.0,Medium
Survey,Large,50304,3.18,Rainy,18.21,High
Defense,Nano,35920,5.17,Stormy,19.0,Medium
Agriculture,Small,26981,17.35,Normal,10.0,Medium
Agriculture,Small,33030,16.22,Rainy,12.04,Medium
Disaster,Small,59266,14.35,Rainy,34.23,High
Medical,Large,22500,14.59,Windy,10.0,Medium
Medical,Nano,44090,4.54,Normal,40.33,High
Agriculture,Large,30281,4.38,Normal,10.0,Medium
Medical,Micro,22488,4.93,Stormy,10.53,Medium
Disaster,Small,50495,14.08,Summer,30.81,High
Medical,Nano,16053,18.77,Normal,10.0,Low
Defense,Nano,51738,10.97,Rainy,34.27,High
Medical,Medium,34019,1.18,Windy,14.4,Medium
Defense,Small,24973,18.47,Rainy,10.0,Medium
Defense,Micro,25690,8.9,Summer,15.81,Medium
Medical,Medium,39999,15.25,Windy,10.71,Medium
Agriculture,Large,27479,3.23,Rainy,10.0,Medium
Medical,Nano,24016,17.42,Windy,10.0,Medium
Disaster,Small,49850,6.64,Rainy,31.63,High
Disaster,Large,51171,11.71,Rainy,13.44,High
Disaster,Large,51701,15.48,Windy,10.02,High
Disaster,Micro,28811,14.94,Windy,11.1,Medium
Defense,Micro,58855,15.73,Windy,31.69,High
Agriculture,Large,59531,13.84,Stormy,14.08,High
Agriculture,Medium,30634,16.82,Stormy,10.0,Medium
Agriculture,Large,30257,10.95,Stormy,10.0,Medium
Agriculture,Medium,20756,4.17,Summer,10.0,Medium
Agriculture,Medium,29107,1.71,Windy,10.67,Medium
Agriculture,Medium,58331,10.01,Windy,26.48,High
Survey,Medium,30266,16.37,Rainy,10.0,Medium
Agriculture,Medium,24282,16.7,Summer,10.0,Medium
Survey,Small,41089,5.64,Stormy,18.95,High
Medical,Nano,58393,17.32,Windy,31.09,High
Survey,Nano,40760,5.76,Stormy,21.62,High
Survey,Small,50603,15.86,Normal,32.91,High
Agriculture,Nano,29464,3.52,Rainy,21.22,Medium
Agriculture,Large,29948,10.66,Summer,10.0,Medium
Medical,Micro,56453,14.82,Windy,30.52,High
Disaster,Small,53632,16.64,Windy,24.72,High
Defense,Small,35222,3.75,Normal,27.22,Medium
Survey,Small,46708,9.5,Summer,30.7,High
Survey,Nano,22672,6.08,Normal,17.68,Medium
Agriculture,Small,29228,11.04,Summer,13.86,Medium
Survey,Nano,50063,14.56,Windy,26.8,High
Agriculture,Small,22688,14.92,Normal,10.0,Medium
Agriculture,Small,43394,12.94,Windy,19.63,High
Agriculture,Small,43754,8.17,Stormy,19.33,High
Medical,Large,59493,13.2,Summer,21.54,High
Disaster,Micro,54895,12.37,Normal,44.0,High
Medical,Medium,50530,9.38,Windy,21.37,High
Survey,Medium,59812,1.87,Summer,41.23,High
Medical,Nano,18081,2.02,Rainy,13.07,Low
Medical,Micro,23200,4.84,Normal,18.33,Medium
Medical,Micro,33432,19.64,Rainy,13.38,Medium
Medical,Medium,44205,3.48,Normal,28.92,High
Agriculture,Nano,57686,10.87,Normal,48.87,High
Agriculture,Nano,46282,15.92,Rainy,26.74,High
Medical,Small,19086,2.19,Summer,11.1,Low
Medical,Small,19827,4.97,Stormy,10.0,Low
Survey,Micro,56830,4.5,Windy,36.56,High
Medical,Medium,59055,14.67,Summer,31.34,High
Disaster,Small,16101,14.33,Windy,10.0,Low
Disaster,Small,43132,11.4,Stormy,17.41,High
Defense,Micro,51536,13.88,Rainy,31.55,High
Disaster,Medium,57598,3.74,Stormy,25.26,High
Disaster,Nano,53246,9.92,Rainy,36.15,High
Survey,Nano,18340,2.73,Rainy,12.82,Low
Agriculture,Small,55104,18.0,Stormy,21.42,High
Medical,Micro,38854,11.91,Stormy,17.0,Medium
Disaster,Large,35924,9.38,Stormy,10.0,Medium
Agriculture,Large,49590,16.17,Stormy,10.0,High
Survey,Nano,21345,2.55,Stormy,11.51,Medium
Disaster,Small,44206,3.69,Stormy,21.75,High
Defense,Medium,26376,16.35,Windy,10.0,Medium
Defense,Large,59241,3.18,Summer,28.53,High
Survey,Small,26117,8.49,Summer,12.89,Medium
Agriculture,Medium,40975,6.01,Normal,23.67,High
Agriculture,Small,36954,18.6,Summer,15.37,Medium
Medical,Medium,59119,7.87,Stormy,24.19,High
Medical,Medium,38887,2.02,Rainy,19.82,Medium
Medical,Micro,58548,19.21,Summer,37.96,High
Survey,Large,51702,17.77,Summer,11.24,High
Medical,Nano,55486,16.98,Stormy,25.07,High
Disaster,Micro,44465,3.63,Rainy,32.45,High
Defense,Micro,30135,5.31,Stormy,14.93,Medium
Survey,Large,19848,5.11,Normal,10.0,Low
Disaster,Small,59004,1.35,Rainy,42.34,High
Medical,Nano,45689,17.12,Summer,28.68,High
Medical,Nano,23613,1.62,Normal,22.19,Medium
Survey,Nano,58301,18.51,Rainy,34.69,High
Medical,Nano,17776,15.56,Rainy,10.0,Low
Medical,Medium,21349,19.42,Normal,10.0,Medium
Defense,Nano,26691,5.45,Stormy,13.32,Medium
Agriculture,Micro,44841,7.83,Stormy,22.55,High
Defense,Nano,28230,11.15,Windy,13.43,Medium
Disaster,Large,23947,11.79,Summer,10.0,Medium
Medical,Micro,18091,17.36,Normal,10.0,Low
Medical,Small,37481,6.26,Rainy,21.98,Medium
Medical,Medium,45701,19.03,Stormy,10.79,High
Survey,Large,19221,17.78,Rainy,10.0,Low
Disaster,Micro,31911,4.08,Stormy,16.59,Medium
Survey,Micro,34279,14.74,Rainy,17.19,Medium
Survey,Large,30233,4.95,Summer,10.0,Medium
Agriculture,Micro,32954,3.49,Normal,29.16,Medium
Defense,Micro,25906,19.78,Normal,10.0,Medium
Medical,Micro,34501,2.62,Summer,28.26,Medium
Defense,Large,28802,18.64,Rainy,10.0,Medium
Agriculture,Small,33336,7.34,Stormy,13.48,Medium
Defense,Nano,53341,14.71,Stormy,24.87,High
Agriculture,Nano,53251,1.8,Summer,46.52,High
Defense,Nano,43156,1.96,Stormy,24.88,High
Disaster,Small,26074,9.59,Rainy,10.72,Medium
Disaster,Large,49722,17.36,Normal,10.83,High
Medical,Large,43362,16.22,Rainy,10.0,High
Defense,Small,46877,19.88,Stormy,15.58,High
Disaster,Nano,32618,19.19,Windy,12.0,Medium
Defense,Nano,59513,15.36,Summer,42.39,High
Disaster,Small,24176,10.59,Windy,10.0,Medium
Medical,Nano,54706,19.33,Normal,39.12,High
Medical,Nano,59962,15.41,Windy,33.26,High
Medical,Micro,43155,1.08,Stormy,24.77,High
Defense,Medium,52723,13.04,Normal,29.79,High
Survey,Nano,16059,8.12,Summer,10.0,Low
Medical,Nano,57686,9.45,Normal,50.0,High
Disaster,Large,38325,15.47,Rainy,10.0,Medium
Medical,Medium,42039,10.86,Normal,20.85,High
Agriculture,Nano,49578,12.0,Windy,27.9,High
Survey,Nano,34536,16.24,Windy,14.99,Medium
Disaster,Large,47101,12.13,Stormy,10.0,High
Defense,Large,45834,17.63,Summer,10.0,High
Defense,Small,26685,10.16,Summer,12.2,Medium
Agriculture,Large,19109,1.6,Summer,10.0,Low
Agriculture,Nano,36894,15.21,Windy,17.22,Medium
Survey,Large,28094,4.81,Rainy,10.0,Medium
Agriculture,Medium,53457,12.19,Windy,21.84,High
Agriculture,Large,38303,4.38,Windy,10.0,Medium
Survey,Small,57596,3.89,Rainy,39.59,High
Agriculture,Micro,50436,14.44,Rainy,30.31,High
Defense,Large,36860,11.7,Summer,10.0,Medium
Medical,Medium,17696,7.46,Stormy,10.0,Low
Medical,Large,38254,18.81,Rainy,10.0,Medium
Medical,Micro,47631,17.91,Summer,29.07,High
Survey,Micro,37260,2.26,Windy,24.12,Medium
Survey,Micro,20642,14.09,Normal,10.0,Medium
Defense,Nano,27140,16.73,Normal,13.63,Medium
Disaster,Micro,24044,12.62,Windy,10.0,Medium
Disaster,Small,56077,7.9,Normal,44.76,High
Medical,Large,33954,8.79,Stormy,10.0,Medium
Disaster,Large,17312,12.59,Windy,10.0,Low
Disaster,Micro,21997,16.16,Windy,10.0,Medium
Survey,Nano,32065,4.06,Summer,25.82,Medium
Defense,Nano,27142,7.59,Normal,20.95,Medium
Defense,Large,39794,3.97,Rainy,10.0,Medium
Survey,Micro,45258,7.66,Stormy,22.88,High
Disaster,Nano,51707,5.34,Summer,42.58,High
Medical,Large,50285,17.69,Stormy,10.0,High
Medical,Nano,32859,5.54,Stormy,16.98,Medium
Disaster,Large,19565,13.79,Rainy,10.0,Low
Disaster,Nano,28986,7.95,Summer,20.25,Medium
Disaster,Large,16802,9.52,Windy,10.0,Low
Medical,Micro,55135,13.7,Stormy,25.9,High
Agriculture,Medium,25044,14.03,Rainy,10.0,Medium
Defense,Large,15414,19.52,Summer,10.0,Low
Defense,Micro,47678,1.75,Windy,31.69,High
Medical,Medium,44290,15.4,Windy,13.63,High
Agriculture,Medium,58536,15.67,Stormy,20.1,High
Agriculture,Small,31080,14.12,Summer,13.31,Medium
Survey,Medium,18114,12.31,Normal,10.0,Low
Disaster,Small,26184,13.42,Rainy,10.0,Medium
Disaster,Small,17499,5.14,Stormy,10.0,Low
Disaster,Large,43232,14.6,Stormy,10.0,High
Agriculture,Large,28495,10.13,Stormy,10.0,Medium
Survey,Micro,37606,10.74,Rainy,22.41,Medium
Survey,Nano,47101,17.57,Stormy,19.75,High
Agriculture,Micro,47669,17.4,Summer,29.47,High
Survey,Small,25279,7.43,Normal,14.34,Medium
Disaster,Nano,54548,10.93,Normal,45.68,High
Survey,Micro,57680,3.5,Normal,53.88,High
Disaster,Small,52951,12.61,Summer,34.08,High
Disaster,Large,41759,4.87,Stormy,10.0,High
Disaster,Nano,36381,18.68,Summer,19.18,Medium
Defense,Micro,44742,11.58,Rainy,27.58,High
Medical,Small,33630,15.7,Rainy,12.86,Medium
Medical,Small,49191,14.75,Rainy,25.91,High
Disaster,Large,40302,18.86,Windy,10.0,High
Medical,Nano,40862,15.71,Normal,28.17,High
Agriculture,Large,46791,16.47,Normal,10.0,High
Defense,Nano,19448,9.41,Windy,10.0,Low
Defense,Nano,52834,6.92,Windy,33.02,High
Defense,Micro,27234,5.63,Rainy,17.38,Medium
Disaster,Medium,49439,17.06,Summer,20.96,High
Survey,Large,23786,1.23,Windy,10.0,Medium
Defense,Micro,58163,8.07,Normal,50.71,High
Defense,Medium,28745,2.7,Normal,14.09,Medium
Agriculture,Small,22249,11.5,Normal,10.0,Medium
Survey,Large,21968,11.47,Windy,10.0,Medium
Agriculture,Nano,49478,10.98,Summer,36.51,High
Defense,Large,43044,7.12,Rainy,10.0,High
Defense,Nano,16504,15.53,Windy,10.0,Low
Disaster,Medium,33004,13.17,Windy,10.0,Medium
Medical,Large,15461,9.22,Windy,10.0,Low
Disaster,Micro,25587,13.03,Stormy,10.0,Medium
Survey,Small,18131,9.61,Rainy,10.0,Low
Disaster,Large,58526,5.53,Rainy,23.28,High
Defense,Medium,54631,4.41,Rainy,30.88,High
Disaster,Small,38943,15.92,Stormy,12.72,Medium
Disaster,Medium,16286,6.54,Rainy,10.0,Low
Agriculture,Micro,59482,13.96,Stormy,28.39,High
Medical,Nano,30378,17.64,Rainy,12.91,Medium
Disaster,Medium,36592,1.96,Rainy,18.02,Medium
Medical,Micro,26375,6.87,Normal,19.88,Medium
Survey,Nano,52611,6.2,Rainy,38.02,High
Agriculture,Nano,49617,15.53,Normal,37.07,High
Defense,Large,42231,7.8,Stormy,10.0,High
Disaster,Nano,40735,3.3,Summer,34.17,High
Disaster,Large,31411,4.02,Rainy,10.0,Medium
Defense,Small,17569,1.58,Normal,11.3,Low
Defense,Large,26643,5.34,Summer,10.0,Medium
Defense,Nano,26320,9.47,Windy,13.03,Medium
Defense,Small,46929,13.07,Normal,31.47,High
Medical,Nano,54311,17.71,Windy,28.01,High
Agriculture,Small,40132,17.87,Windy,14.59,High
Disaster,Nano,17100,8.99,Normal,10.0,Low
Survey,Small,15448,7.15,Stormy,10.0,Low
Medical,Small,48940,9.02,Stormy,22.03,High
Disaster,Small,22521,6.75,Normal,12.12,Medium
Disaster,Nano,21455,13.48,Normal,10.55,Medium
Disaster,Large,38299,12.15,Normal,10.0,Medium
Medical,Micro,37862,7.75,Stormy,18.4,Medium
Agriculture,Large,26337,6.8,Windy,10.0,Medium
Agriculture,Nano,42897,11.42,Windy,23.55,High
Medical,Micro,29440,8.94,Rainy,17.03,Medium
Defense,Nano,27786,3.71,Summer,22.22,Medium
Medical,Nano,20665,17.77,Normal,10.0,Medium
Defense,Micro,53276,5.37,Stormy,28.79,High
Medical,Medium,30877,19.73,Normal,10.0,Medium
Agriculture,Large,43622,13.1,Rainy,10.0,High
Defense,Micro,54031,18.87,Summer,34.14,High
Disaster,Medium,40598,17.51,Rainy,11.27,High
Agriculture,Micro,50088,8.47,Rainy,33.85,High
Agriculture,Micro,18719,11.38,Rainy,10.0,Low
Medical,Large,56400,13.68,Stormy,12.27,High
Agriculture,Small,32582,10.88,Stormy,11.33,Medium
Medical,Large,28491,18.41,Rainy,10.0,Medium
Disaster,Micro,43458,17.02,Stormy,17.31,High
Disaster,Micro,47639,6.67,Summer,37.17,High
Survey,Large,36920,17.88,Summer,10.0,Medium
Agriculture,Large,31420,8.28,Rainy,10.0,Medium
Survey,Small,21006,18.93,Windy,10.0,Medium
Defense,Micro,57238,15.04,Windy,30.94,High
Disaster,Medium,42387,18.06,Stormy,10.0,High
Agriculture,Micro,15387,13.46,Stormy,10.0,Low
Survey,Small,18300,4.71,Windy,10.0,Low
Agriculture,Micro,48094,14.31,Stormy,21.39,High
Medical,Nano,44604,17.88,Windy,21.12,High
Defense,Micro,35754,10.62,Windy,18.38,Medium
Survey,Micro,33173,3.88,Stormy,17.44,Medium
Survey,Micro,31922,13.69,Windy,13.98,Medium
Defense,Small,30856,11.97,Windy,11.4,Medium
Disaster,Large,45074,7.96,Stormy,10.0,High
Defense,Nano,31167,12.89,Windy,14.51,Medium
Survey,Nano,35830,8.05,Normal,29.26,Medium
Agriculture,Medium,32195,3.13,Normal,17.19,Medium
Defense,Nano,41429,8.11,Windy,24.37,High
Survey,Nano,17965,18.8,Windy,10.0,Low
Medical,Micro,18217,8.41,Stormy,10.0,Low
Agriculture,Small,16548,7.77,Stormy,10.0,Low
Defense,Micro,35517,8.45,Normal,27.76,Medium
Survey,Micro,56406,13.27,Rainy,35.83,High
Disaster,Large,35075,9.6,Stormy,10.0,Medium
Defense,Small,44417,16.4,Rainy,21.04,High
Agriculture,Micro,15575,9.56,Rainy,10.0,Low
Defense,Micro,23374,15.17,Summer,10.0,Medium
Medical,Large,57415,10.85,Stormy,14.24,High
Disaster,Nano,21942,10.88,Summer,11.8,Medium
Defense,Small,49059,7.57,Normal,38.0,High
Agriculture,Nano,24510,17.8,Rainy,10.0,Medium
Survey,Small,35072,10.35,Rainy,17.43,Medium
Disaster,Medium,50683,1.59,Normal,36.91,High
Agriculture,Medium,59876,17.52,Windy,23.35,High
Survey,Large,53853,3.79,Rainy,20.66,High
Defense,Small,23410,19.74,Windy,10.0,Medium
Disaster,Nano,38812,14.28,Stormy,16.36,Medium
Agriculture,Large,49375,19.4,Windy,10.0,High
Disaster,Small,32821,19.41,Summer,11.06,Medium
Medical,Micro,56532,15.53,Stormy,25.86,High
Survey,Small,52485,6.64,Windy,29.52,High
Defense,Medium,56085,16.36,Rainy,24.4,High
Defense,Micro,21208,9.1,Normal,12.93,Medium
Defense,Small,19934,4.72,Windy,10.0,Low
Disaster,Medium,55443,10.28,Summer,31.25,High
Medical,Small,41108,10.66,Summer,24.82,High
Agriculture,Large,59693,16.63,Summer,19.25,High
Agriculture,Large,17241,2.17,Windy,10.0,Low
Medical,Nano,25887,2.0,Rainy,19.33,Medium
Agriculture,Small,36850,1.23,Normal,30.87,Medium
Disaster,Nano,51992,7.46,Rainy,36.72,High
Disaster,Small,57794,1.83,Stormy,30.8,High
Medical,Micro,36096,14.0,Normal,23.9,Medium
Disaster,Small,45956,14.22,Stormy,17.75,High
Disaster,Large,26789,11.69,Windy,10.0,Medium
Medical,Small,15471,8.16,Windy,10.0,Low
Medical,Medium,28076,5.31,Summer,10.2,Medium
Disaster,Large,50218,11.29,Rainy,12.95,High
Agriculture,Nano,19993,11.55,Normal,10.63,Low
Medical,Nano,36821,4.55,Windy,23.14,Medium
Medical,Medium,31441,4.54,Rainy,12.25,Medium
Disaster,Nano,44566,3.43,Rainy,33.36,High
Defense,Medium,33655,8.1,Windy,10.27,Medium
Medical,Medium,38433,4.82,Stormy,13.25,Medium
Medical,Small,18842,19.63,Summer,10.0,Low
Survey,Medium,24916,17.83,Summer,10.0,Medium
Agriculture,Nano,38118,11.76,Windy,20.01,Medium
Disaster,Micro,39879,14.73,Windy,18.97,Medium
Defense,Micro,37831,9.92,Summer,26.01,Medium
Medical,Large,37810,3.62,Windy,10.0,Medium
Disaster,Small,22483,15.86,Summer,10.0,Medium
Disaster,Large,19232,12.14,Windy,10.0,Low
Survey,Medium,17891,5.61,Windy,10.0,Low
Medical,Medium,24745,6.76,Windy,10.0,Medium
Medical,Small,56004,14.66,Summer,35.35,High
Survey,Medium,35168,6.35,Normal,17.59,Medium
Medical,Micro,37625,18.04,Rainy,17.75,Medium
Defense,Small,46700,9.44,Windy,23.9,High
Medical,Small,30868,8.23,Stormy,11.57,Medium
Defense,Medium,38948,3.23,Windy,16.7,Medium
Disaster,Medium,46992,15.5,Stormy,13.26,High
Agriculture,Micro,46002,18.8,Summer,26.97,High
Agriculture,Large,41731,13.38,Rainy,10.0,High
Survey,Small,52021,19.1,Stormy,19.04,High
Agriculture,Nano,16139,3.85,Windy,10.0,Low
Defense,Small,24342,13.84,Normal,10.0,Medium
Agriculture,Micro,56825,10.55,Summer,42.65,High
Disaster,Large,45757,13.54,Summer,10.0,High
Agriculture,Micro,49249,1.18,Rainy,37.84,High
Defense,Medium,49169,14.32,Stormy,15.13,High
Disaster,Nano,30469,10.92,Rainy,17.29,Medium
Agriculture,Small,54302,4.2,Stormy,27.57,High
Survey,Small,28136,5.27,Windy,13.24,Medium
Disaster,Nano,25100,15.61,Rainy,10.0,Medium
Medical,Small,44600,10.53,Summer,28.06,High
Survey,Large,43622,2.99,Stormy,10.0,High
Disaster,Micro,26861,3.54,Stormy,13.82,Medium
Disaster,Small,59685,12.97,Stormy,26.59,High
Disaster,Micro,57740,16.83,Rainy,34.62,High
Agriculture,Large,28786,13.8,Stormy,10.0,Medium
Disaster,Small,30665,12.87,Normal,15.37,Medium
Defense,Large,34781,9.69,Stormy,10.0,Medium
Survey,Large,28863,7.2,Rainy,10.0,Medium
Survey,Medium,32150,19.23,Summer,10.0,Medium
Survey,Medium,56619,14.2,Rainy,26.21,High
Medical,Medium,30439,5.95,Windy,10.0,Medium
Medical,Large,52539,6.05,Summer,20.43,High
Agriculture,Large,53105,7.99,Rainy,17.37,High
Agriculture,Large,18113,7.16,Summer,10.0,Low
Agriculture,Large,32334,5.9,Normal,10.0,Medium
Agriculture,Small,33028,5.97,Summer,20.93,Medium
Survey,Micro,17112,6.13,Summer,10.09,Low
Agriculture,Nano,28003,19.73,Normal,12.09,Medium
Survey,Medium,51364,2.53,Rainy,29.47,High
Medical,Nano,38186,10.29,Summer,26.85,Medium
Defense,Large,34389,1.4,Normal,10.0,Medium
Medical,Large,18217,19.27,Stormy,10.0,Low
Medical,Small,50513,3.28,Windy,30.02,High
Medical,Large,54618,19.08,Windy,10.05,High
Defense,Large,51709,5.33,Normal,22.45,High
Medical,Large,28408,4.96,Stormy,10.0,Medium
Disaster,Medium,27319,19.39,Rainy,10.0,Medium
Medical,Medium,54934,16.8,Windy,20.3,High
Defense,Medium,27891,3.24,Summer,11.52,Medium
Defense,Medium,43784,17.94,Windy,11.85,High
Medical,Nano,25835,5.86,Stormy,12.61,Medium
Medical,Medium,34962,7.16,Rainy,13.39,Medium
Defense,Small,33213,19.61,Stormy,10.0,Medium
Survey,Medium,39358,13.48,Windy,11.25,Medium
Defense,Medium,32475,9.88,Windy,10.0,Medium
Agriculture,Medium,52559,18.55,Rainy,20.18,High
Survey,Micro,24131,18.59,Windy,10.0,Medium
Agriculture,Large,33296,2.16,Rainy,10.0,Medium
Agriculture,Large,45556,17.53,Summer,10.0,High
Medical,Micro,22153,7.02,Rainy,12.43,Medium
Agriculture,Micro,17044,10.74,Stormy,10.0,Low
Agriculture,Medium,55636,9.06,Stormy,21.53,High
Agriculture,Large,54249,14.72,Stormy,10.48,High
Medical,Micro,35932,12.97,Summer,22.1,Medium
Defense,Medium,52383,19.63,Normal,24.18,High
Defense,Large,20451,11.27,Normal,10.0,Medium
Disaster,Small,57732,2.68,Windy,35.41,High
Agriculture,Large,25780,17.6,Windy,10.0,Medium
Defense,Medium,24842,11.23,Rainy,10.0,Medium
Survey,Small,25724,11.25,Windy,10.0,Medium
Defense,Large,54616,6.52,Normal,24.4,High
Medical,Medium,25454,10.09,Summer,10.0,Medium
Medical,Nano,15169,8.98,Windy,10.0,Low
Survey,Small,21987,9.85,Windy,10.0,Medium
Agriculture,Nano,35986,8.05,Stormy,17.65,Medium
Defense,Nano,45866,6.2,Stormy,24.47,High
Disaster,Large,20517,14.9,Rainy,10.0,Medium
Defense,Large,27207,10.46,Summer,10.0,Medium
Medical,Medium,29470,19.63,Rainy,10.0,Medium
Survey,Small,52342,18.42,Rainy,26.08,High
Disaster,Large,53710,8.48,Stormy,13.16,High
Medical,Nano,19070,15.04,Normal,10.0,Low
Agriculture,Nano,23101,7.22,Summer,15.48,Medium
Disaster,Small,30048,16.81,Stormy,10.0,Medium
Survey,Small,55787,6.56,Summer,40.99,High
Agriculture,Small,18199,8.36,Rainy,10.0,Low
Disaster,Large,38928,14.06,Windy,10.0,Medium
Survey,Micro,52981,12.25,Normal,42.18,High
Defense,Large,49178,16.16,Summer,10.12,High
Defense,Large,28617,1.57,Normal,10.0,Medium
Defense,Medium,18688,9.99,Summer,10.0,Low
Disaster,Nano,38745,18.26,Rainy,19.21,Medium
Disaster,Micro,35689,2.17,Rainy,26.36,Medium
Medical,Micro,40819,4.8,Windy,25.19,High
Defense,Nano,49209,19.67,Summer,30.01,High
Disaster,Small,32533,3.19,Summer,22.48,Medium
Defense,Nano,51902,15.55,Summer,35.4,High
Disaster,Large,36247,14.37,Windy,10.0,Medium
Agriculture,Medium,31979,18.58,Normal,10.0,Medium
Survey,Large,49012,1.36,Summer,20.63,High
Medical,Nano,47000,1.38,Normal,45.77,High
Defense,Nano,34024,19.41,Stormy,11.02,Medium
Medical,Large,20325,1.84,Stormy,10.0,Medium
Defense,Medium,42650,13.03,Windy,13.81,High
Disaster,Nano,26522,7.0,Stormy,12.48,Medium
Disaster,Micro,28095,3.42,Summer,21.92,Medium
Medical,Large,17756,8.94,Summer,10.0,Low
Survey,Micro,15118,3.66,Windy,10.0,Low
Defense,Large,52372,1.08,Rainy,21.21,High
Disaster,Nano,44414,9.93,Summer,32.71,High
Defense,Nano,33402,9.29,Stormy,15.51,Medium
Defense,Micro,38736,19.82,Windy,15.32,Medium
Medical,Nano,42838,5.77,Summer,34.29,High
Survey,Medium,27670,3.66,Normal,12.24,Medium
Defense,Nano,51171,8.78,Windy,30.82,High
Defense,Micro,60000,12.69,Windy,34.19,High
Agriculture,Medium,15647,8.71,Summer,10.0,Low
Medical,Large,17998,17.43,Normal,10.0,Low
Survey,Micro,56719,10.59,Summer,42.52,High
Medical,Nano,38834,17.63,Summer,22.14,Medium
Disaster,Large,46778,16.22,Rainy,10.0,High
Survey,Medium,20216,4.59,Stormy,10.0,Medium
Survey,Large,36556,17.93,Stormy,10.0,Medium
Disaster,Medium,36871,14.7,Normal,12.61,Medium
Disaster,Small,53045,12.86,Windy,26.43,High
Defense,Medium,34053,2.31,Windy,13.79,Medium
Survey,Nano,58050,3.9,Summer,49.32,High
Survey,Medium,34088,11.23,Rainy,10.08,Medium
Disaster,Small,58150,6.79,Stormy,28.63,High
Survey,Micro,45877,18.67,Rainy,23.95,High
Survey,Large,52014,9.7,Rainy,15.4,High
Disaster,Large,37523,19.61,Normal,10.0,Medium
Medical,Medium,38294,17.11,Windy,10.0,Medium
Medical,Small,21146,18.99,Normal,10.0,Medium
Survey,Small,19126,1.64,Rainy,10.25,Low
Medical,Nano,30635,18.42,Summer,14.2,Medium
Disaster,Micro,23771,1.02,Rainy,17.56,Medium
Medical,Nano,34375,7.08,Windy,20.01,Medium
Disaster,Micro,48423,12.86,Normal,37.14,High
Agriculture,Large,48570,3.92,Stormy,12.26,High
Defense,Medium,54621,7.72,Normal,35.95,High
Agriculture,Small,48091,5.36,Stormy,23.28,High
Medical,Medium,29665,5.67,Windy,10.0,Medium
Disaster,Micro,24153,5.59,Rainy,14.94,Medium
Defense,Nano,36941,2.03,Rainy,28.15,Medium
Defense,Small,54065,9.36,Rainy,33.26,High
Medical,Large,46006,12.56,Stormy,10.0,High
Defense,Small,17255,2.74,Normal,10.06,Low
Disaster,Nano,54846,10.48,Summer,41.7,High
Disaster,Micro,56337,8.71,Normal,48.37,High
Agriculture,Nano,52981,2.56,Rainy,40.65,High
Agriculture,Small,24397,6.69,Rainy,11.24,Medium
Survey,Micro,27529,1.61,Summer,22.72,Medium
Medical,Large,27801,2.87,Rainy,10.0,Medium
Disaster,Micro,43170,10.05,Stormy,20.48,High
Agriculture,Micro,46781,18.77,Windy,21.54,High
Disaster,Nano,33987,2.7,Windy,22.19,Medium
Agriculture,Large,38906,3.15,Windy,10.0,Medium
Survey,Large,41194,18.13,Normal,10.0,High
Disaster,Nano,30077,9.91,Rainy,17.62,Medium
Medical,Micro,27038,7.83,Stormy,11.86,Medium
Disaster,Medium,43464,18.99,Summer,14.19,High
Medical,Large,41788,18.86,Normal,10.0,High
Defense,Nano,29074,18.7,Windy,10.0,Medium
Agriculture,Nano,47566,7.48,Windy,29.02,High
Survey,Small,39619,2.53,Summer,29.34,Medium
Defense,Medium,44211,18.97,Normal,16.53,High
Defense,Large,39128,11.99,Summer,10.0,Medium
Agriculture,Small,42935,17.42,Rainy,19.2,High
Defense,Medium,59963,2.31,Normal,45.62,High
Medical,Medium,22924,5.13,Rainy,10.0,Medium
Medical,Medium,33486,9.05,Stormy,10.0,Medium
Defense,Large,50673,17.32,Normal,11.82,High
Disaster,Medium,24823,10.14,Rainy,10.0,Medium
Medical,Small,34554,10.54,Rainy,16.9,Medium
Agriculture,Small,45464,5.49,Normal,36.07,High
Medical,Micro,38927,10.07,Summer,26.88,Medium
Disaster,Small,35942,13.93,Normal,19.8,Medium
Agriculture,Micro,22972,10.56,Stormy,10.0,Medium
Medical,Small,49884,13.71,Stormy,20.35,High
Defense,Nano,25935,12.78,Stormy,10.0,Medium
Survey,Nano,22279,10.66,Normal,13.63,Medium
Medical,Micro,33985,12.62,Stormy,13.73,Medium
Defense,Small,53712,17.38,Normal,34.81,High
Agriculture,Large,34735,15.51,Stormy,10.0,Medium
Agriculture,Small,30398,19.18,Normal,10.05,Medium
Survey,Medium,15802,1.05,Stormy,10.0,Low
Disaster,Small,16255,12.12,Windy,10.0,Low
Medical,Medium,56370,13.4,Stormy,19.89,High
Defense,Nano,37675,18.46,Normal,22.78,Medium
Agriculture,Nano,15734,6.04,Rainy,10.0,Low
Disaster,Nano,57246,12.0,Rainy,38.02,High
Medical,Nano,52210,3.01,Rainy,39.74,High
Survey,Large,17299,18.1,Normal,10.0,Low
Defense,Medium,54270,14.7,Normal,30.01,High
Defense,Micro,47443,7.59,Rainy,32.3,High
Defense,Nano,16874,4.98,Summer,11.49,Low
Defense,Micro,47192,9.81,Rainy,30.68,High
Survey,Medium,54664,12.21,Windy,22.68,High
Agriculture,Nano,59475,11.76,Rainy,39.95,High
Medical,Medium,55901,9.89,Summer,31.94,High
Survey,Medium,49840,5.85,Normal,32.66,High
Survey,Micro,38256,6.87,Normal,31.76,Medium
Disaster,Micro,22150,6.06,Normal,16.3,Medium
Survey,Small,26858,6.24,Rainy,13.49,Medium
Agriculture,Small,50900,7.46,Normal,39.93,High
Survey,Small,19139,15.22,Rainy,10.0,Low
Defense,Medium,58267,8.37,Stormy,23.44,High
Medical,Small,49627,17.95,Normal,30.27,High
Defense,Small,36357,18.72,Stormy,10.0,Medium
Defense,Micro,47617,1.44,Summer,40.92,High
Disaster,Large,41119,2.58,Normal,14.05,High
Medical,Small,34818,9.96,Windy,15.29,Medium
Survey,Small,24251,19.59,Normal,10.0,Medium
Medical,Nano,39218,17.69,Rainy,19.95,Medium
Medical,Medium,19385,5.62,Windy,10.0,Low
Agriculture,Medium,46003,12.39,Rainy,18.87,High
Survey,Nano,42379,14.87,Normal,30.36,High
Agriculture,Nano,23839,1.14,Normal,22.8,Medium
Disaster,Nano,40198,15.36,Normal,27.79,High
Disaster,Small,53289,19.64,Stormy,19.55,High
Agriculture,Large,43397,5.17,Summer,12.83,High
Agriculture,Nano,33510,18.78,Rainy,14.69,Medium
Agriculture,Large,50560,6.68,Summer,18.19,High
Defense,Micro,38278,1.84,Windy,25.06,Medium
